insert into app_roles(role_id,role_name) values ('admin','Admin / Owner'),('counter','Counter'),('island_staff','Island Staff'),('boat_crew','Boat Crew'),('management','Management'),('finance','Finance'),('ceo','CEO') on conflict(role_id) do update set role_name=excluded.role_name;
insert into app_users(username,display_name,role_id,active_flag) values ('admin','Admin Owner','admin',true),('counter','Counter Staff','counter',true),('island','Island Staff','island_staff',true),('boat','Boat Crew','boat_crew',true),('manager','Management','management',true) on conflict(username) do update set display_name=excluded.display_name,role_id=excluded.role_id,active_flag=excluded.active_flag;
insert into master_programs(program_id,program_name,default_price,sort_order) values ('boat_ticket','ตั๋วเรือ',1500,1),('one_day','One Day Trip',2500,2),('two_day','2 Day 1 Night',4500,3),('three_day','3 Day 2 Night',6500,4) on conflict(program_id) do update set program_name=excluded.program_name,default_price=excluded.default_price,sort_order=excluded.sort_order;
insert into master_addons(addon_id,addon_name,default_price,sort_order) values ('fin','Fin',150,1),('mask','หน้ากากดำน้ำ',150,2),('life_jacket','ชูชีพ',100,3),('tent','เต็นท์',800,4),('other','อื่นๆ',0,99) on conflict(addon_id) do update set addon_name=excluded.addon_name,default_price=excluded.default_price,sort_order=excluded.sort_order;
insert into company_profile(profile_id,company_name,tax_id,address,phone) values ('default','Dive Tour Company','-','Phuket, Thailand','081-000-0000') on conflict(profile_id) do nothing;
insert into master_agents(agent_id,agent_name,sort_order) values ('direct','Direct Customer',1),('facebook','Facebook',2),('executive','Executive Special',3) on conflict(agent_id) do update set agent_name=excluded.agent_name,sort_order=excluded.sort_order;
insert into master_boats(boat_id,boat_name,sort_order) values ('boat_1','Boat 1',1),('boat_2','Boat 2',2) on conflict(boat_id) do update set boat_name=excluded.boat_name,sort_order=excluded.sort_order;
insert into master_islands(island_id,island_name,sort_order) values ('unspecified','ไม่ระบุ',1),('mai_ngam','อ่าวไม้งาม',2),('chong_khad','อ่าวช่องขาด',3) on conflict(island_id) do update set island_name=excluded.island_name,sort_order=excluded.sort_order;
insert into master_price_reasons(reason_id,reason_name,sort_order) values ('default','ราคา Default',1),('executive','ผู้บริหารอนุมัติ',2),('agent_contract','ราคา Agent Contract',3),('other','อื่นๆ',99) on conflict(reason_id) do update set reason_name=excluded.reason_name,sort_order=excluded.sort_order;
insert into master_payment_methods(method_id,method_name,sort_order) values ('cash','เงินสด',1),('bank_transfer','โอนผ่านธนาคาร',2) on conflict(method_id) do update set method_name=excluded.method_name,sort_order=excluded.sort_order;
insert into master_statuses(status_id,status_name,sort_order) values ('pending','pending',1),('confirmed','confirmed',2),('checked-in','checked-in',3),('completed','completed',4),('cancelled','cancelled',5) on conflict(status_id) do update set status_name=excluded.status_name,sort_order=excluded.sort_order;
insert into role_permissions(role_id,permission_key,allowed) values
('admin','createBooking',true),('admin','editBooking',true),('admin','cancelBooking',true),('admin','editMasterData',true),('admin','editPermissions',true),('admin','systemAdmin',true),('admin','addIslandAddOn',true),('admin','printReceipt',true),('admin','printCounterReport',true),('admin','printBoatReport',true),('admin','printDailyReport',true),('admin','viewAudit',true),('admin','viewMoney',true),('admin','manageUsers',true),
('counter','createBooking',true),('counter','editBooking',true),('counter','printReceipt',true),('counter','printCounterReport',true),('counter','viewMoney',true),
('island_staff','editBooking',true),('island_staff','addIslandAddOn',true),('island_staff','viewMoney',true),
('boat_crew','printBoatReport',true),
('management','printCounterReport',true),('management','printBoatReport',true),('management','printDailyReport',true),('management','viewAudit',true),('management','viewMoney',true),
('finance','printReceipt',true),('finance','printDailyReport',true),('finance','viewAudit',true),('finance','viewMoney',true),
('ceo','printCounterReport',true),('ceo','printBoatReport',true),('ceo','printDailyReport',true),('ceo','viewAudit',true),('ceo','viewMoney',true)
on conflict(role_id,permission_key) do update set allowed=excluded.allowed,updated_at=now();
